/*
 Navicat Premium Data Transfer

 Source Server         : 3307
 Source Server Type    : MySQL
 Source Server Version : 50646
 Source Host           : localhost:3307
 Source Schema         : us

 Target Server Type    : MySQL
 Target Server Version : 50646
 File Encoding         : 65001

 Date: 17/05/2020 14:09:19
*/

SET NAMES utf8mb4;
SET FOREIGN_KEY_CHECKS = 0;

-- ----------------------------
-- Table structure for p_pass_instant
-- ----------------------------
DROP TABLE IF EXISTS `p_pass_instant`;
CREATE TABLE `p_pass_instant`  (
  `pass_id` int(11) NOT NULL AUTO_INCREMENT COMMENT 'å¯†é’¥UUID',
  `pass_name` varchar(255) CHARACTER SET utf8 COLLATE utf8_general_ci NULL DEFAULT NULL COMMENT 'å¯†é’¥åç§°',
  `pass_length` int(255) NULL DEFAULT NULL COMMENT 'å¯†é’¥é•¿åº¦',
  `pass_type` varchar(50) CHARACTER SET utf8 COLLATE utf8_general_ci NULL DEFAULT NULL COMMENT 'å¯†é’¥ç±»å‹',
  `pass_childfir` varchar(1000) CHARACTER SET utf32 COLLATE utf32_general_ci NULL DEFAULT NULL COMMENT 'ç¬¬ä¸€å­å¯†é’¥',
  `pass_childsec` varchar(1000) CHARACTER SET utf32 COLLATE utf32_general_ci NULL DEFAULT NULL COMMENT 'ç¬¬äºŒå­å¯†é’¥',
  `pass_childthi` varchar(255) CHARACTER SET utf8 COLLATE utf8_general_ci NULL DEFAULT NULL COMMENT 'ç¬¬ä¸‰å­å¯†é’¥',
  `pass_expiry` date NULL DEFAULT NULL COMMENT 'å¯†é’¥æœ‰æ•ˆæœŸ',
  `pass_createtime` date NULL DEFAULT NULL COMMENT 'å¯†é’¥ä¸Šä¼ æ—¶é—´',
  `pass_userid` varchar(255) CHARACTER SET utf8 COLLATE utf8_general_ci NULL DEFAULT NULL COMMENT 'å¯†é’¥ç”¨æˆ·',
  PRIMARY KEY (`pass_id`) USING BTREE
) ENGINE = InnoDB AUTO_INCREMENT = 987987988 CHARACTER SET = utf8 COLLATE = utf8_general_ci ROW_FORMAT = Compact;

-- ----------------------------
-- Records of p_pass_instant
-- ----------------------------
INSERT INTO `p_pass_instant` VALUES (123555, 'SM2', 64, 'SM2', 'e69576dc8b2bfa5b3432900d9d047e50eae96d206db59288c038aa5871154111', '03fa6198f0b8f38f19bb496ffc0ceb73c4f2c48949c4fbf866e46ebbd6ee17b1ad', NULL, '2020-06-17', '2020-05-17', '18');
INSERT INTO `p_pass_instant` VALUES (123556, NULL, 66, 'SM2', '03fa6198f0b8f38f19bb496ffc0ceb73c4f2c48949c4fbf866e46ebbd6ee17b1ad', 'e69576dc8b2bfa5b3432900d9d047e50eae96d206db59288c038aa5871154111\n\n', NULL, '2020-06-17', '2020-05-17', '18');
INSERT INTO `p_pass_instant` VALUES (56165165, 'RSA', 868, 'RSA', 'MIICdQIBADANBgkqhkiG9w0BAQEFAASCAl8wggJbAgEAAoGBAIits7jPUYTkNzOg24L2MV2VHsY3\r\n0W5ZK0twE0goCQlW4dZUmDaa5XzL7QE9459flxd0vc8dlrhOd9O0If1BBHuYXp/iIXjFOvRhXyus\r\n58ZfLlZjrl7noT9H9rHqa5DBXzkftkrhMxWHoDRd+mnYDZHFdWGgLXoPCM8WYPL147lPAgMBAAEC\r\ngYBQFf/l/UyV4qdZ0BpvfVRlslfq65AC6arNtCkIMbVBzK/dx4m9DTwEyPThsmLq4rcEnnoNnxfO\r\nfOQHn1f/LhayfTUlwFGAxlV6oVFG/EZQ1uOAQvTDXmm5QiQB5Sh9VmBsnphq6E+ehLtV+EipJZhR\r\nI4AWWyOGDEDbzbx+RvVCWQJBAMn509t3ChHMEp2zYK8q2Vbq9Rk+F1O4tFQWh1hOuqFJVVVPwvi5\r\nKX19qkEM5m1K+yYKS+iwf8TjMcts9rYWABsCQQCtPK2kyxPe+8/RypOn1OC7Mj8D6eGE7ZrW/Osr\r\n2k0wli+96fbQToSDZj8T1k+i/SfA5Vsevw4Ct1EhfEnS/wbdAkBEJWa1xZRALPqa+srET1DFYsEP\r\no0N7m/Y76N4BjY6qnHOONTszcEXvcVbgW9njRkk2rIKwH9z8MSu71yfmh8XBAkAu4pI4XIHnQo2P\r\nQN1PeezMnR+y5nSTrl7OuqrHNpDXin4nTw/udqGkkmKV8tWgzhUZPrm3i4u2Lnj1sBam1UC9AkBq\r\nDvSAyw6uBM9fb0ZdISfzKO6iPU6/PkDE0Xgx614TMUAfw6zqW+a56a+ruBmQhkenIy55zx37HfTQ\r\nyIUG83pI\r\n', 'MIGfMA0GCSqGSIb3DQEBAQUAA4GNADCBiQKBgQDGVTeJ8P1ay0zauA1sEhMDiRASimfJa8mGHzKj\r\nNBH5QbCzw+M/IyyKBhoPU3B417EkDCSiOWsyQtynHLCMwxc6uyriUMLtJEgUT6WAOcYSnn8O1OMo\r\nZFdBnCCvFNxJXZPqsz3KTqhPrh4BN/WnrhzQR/NKDJE8uX48FrHFnD7D9wIDAQAB\r\n', NULL, '2020-06-17', '2020-05-17', '18');
INSERT INTO `p_pass_instant` VALUES (987987987, '654654', 64, 'SM4', '730603020f767c090f78790078717d061912661a141b1a10681e131119116f19', NULL, NULL, '2021-02-16', '2020-04-21', '3');

-- ----------------------------
-- Table structure for p_pass_old
-- ----------------------------
DROP TABLE IF EXISTS `p_pass_old`;
CREATE TABLE `p_pass_old`  (
  `pass_id` int(11) NOT NULL AUTO_INCREMENT COMMENT 'å¯†é’¥UUID',
  `pass_name` varchar(255) CHARACTER SET utf8 COLLATE utf8_general_ci NULL DEFAULT NULL COMMENT 'å¯†é’¥åç§°',
  `pass_length` int(255) NULL DEFAULT NULL COMMENT 'å¯†é’¥é•¿åº¦',
  `pass_type` varchar(50) CHARACTER SET utf8 COLLATE utf8_general_ci NULL DEFAULT NULL COMMENT 'å¯†é’¥ç±»å‹',
  `pass_childfir` varchar(255) CHARACTER SET utf8 COLLATE utf8_general_ci NULL DEFAULT NULL COMMENT 'ç¬¬ä¸€å­å¯†é’¥',
  `pass_childsec` varchar(255) CHARACTER SET utf8 COLLATE utf8_general_ci NULL DEFAULT NULL COMMENT 'ç¬¬äºŒå­å¯†é’¥',
  `pass_childthi` varchar(255) CHARACTER SET utf8 COLLATE utf8_general_ci NULL DEFAULT NULL COMMENT 'ç¬¬ä¸‰å­å¯†é’¥',
  `pass_expiry` date NULL DEFAULT NULL COMMENT 'å¯†é’¥æœ‰æ•ˆæœŸ',
  `pass_createtime` date NULL DEFAULT NULL COMMENT 'å¯†é’¥ä¸Šä¼ æ—¶é—´',
  `pass_userid` varchar(255) CHARACTER SET utf8 COLLATE utf8_general_ci NULL DEFAULT NULL COMMENT 'å¯†é’¥ç”¨æˆ·',
  PRIMARY KEY (`pass_id`) USING BTREE
) ENGINE = InnoDB AUTO_INCREMENT = 5555556 CHARACTER SET = utf8 COLLATE = utf8_general_ci ROW_FORMAT = Compact;

-- ----------------------------
-- Records of p_pass_old
-- ----------------------------
INSERT INTO `p_pass_old` VALUES (1, 'SM2TEST2', 66, 'SM2', 'YPS]\0\\X\0Y^FOALHAs. pu,&{\'()y+)+88729<3313l97l9oK', 'T	TVP	\rZWEFBIL\Z#/ \'*r&r/.).).{~79e5857<h48?g>jj', NULL, '2020-03-10', '2020-05-07', '3');
INSERT INTO `p_pass_old` VALUES (123456, 'SM2TEST', 132, 'SM2', '06040204555f07545a095a085d0807081e4743464048461d1c4d1a11454d4d1d2572707720252c287d7b292b29292f2d353f39306131363a6f3f353e343b6b364217', '570e0304010d02035c5b0c0e5d0d065f4c461612451c411c1c1c1b401d484f1d702d7170732770292f27292c2b2e2378366134303163306c6d6a6c3a3034396b', NULL, '2020-11-04', '2020-05-07', '3');
INSERT INTO `p_pass_old` VALUES (5555555, 'SM4TEST', 32, 'SM4', 'wws	\r}xrbdao\Zo', NULL, NULL, '2020-06-07', '2020-05-07', '3');

-- ----------------------------
-- Table structure for p_random
-- ----------------------------
DROP TABLE IF EXISTS `p_random`;
CREATE TABLE `p_random`  (
  `id` int(11) NOT NULL AUTO_INCREMENT,
  `user_name` varchar(255) CHARACTER SET utf8 COLLATE utf8_general_ci NULL DEFAULT NULL,
  `random_str` varchar(255) CHARACTER SET utf8 COLLATE utf8_general_ci NULL DEFAULT NULL,
  `key_iD` int(11) NULL DEFAULT NULL,
  PRIMARY KEY (`id`) USING BTREE
) ENGINE = InnoDB AUTO_INCREMENT = 45 CHARACTER SET = utf8 COLLATE = utf8_general_ci ROW_FORMAT = Compact;

-- ----------------------------
-- Records of p_random
-- ----------------------------
INSERT INTO `p_random` VALUES (29, 'admin', '16553287435928518469895643197905637406784463715593003199734802744722163696489726822880437023631366012110954324680470244282879779', 987987987);
INSERT INTO `p_random` VALUES (30, 'admin', '667659727733238194067818108983576566662706111752763630296570916173', 123456);
INSERT INTO `p_random` VALUES (31, 'admin', '188650791472881541212324695028020616928726467063106688331943941433', 3123123);
INSERT INTO `p_random` VALUES (32, 'admin', '60352401007216946536636466100537', 5555555);
INSERT INTO `p_random` VALUES (33, 'admin', '492569748053956276821090647158936849279052738807932339148045242987401024832372924047714172690776961291932656898584658773101926007044307187736672041092624867223824414734022730320689428207443166878881761078853780352774798784', 43234);
INSERT INTO `p_random` VALUES (34, 'admin', '146596007404455505759058259405632684924090215986375750814674095005713758534224529198666652981285827072660701274653495556992700045997340994960017167156812553805254157484268887299595299497471699848297400756573939428686785472', 2250485);
INSERT INTO `p_random` VALUES (35, 'admin', '793164523144199523468363229366456053950804449121305389268947853946802843152575300443108874730941317862674978243731807820025908964821949998783267673037652866831167548500236611809371838574498785015760513940053268761922978242', 5245241);
INSERT INTO `p_random` VALUES (36, 'admin', '657111261931293625352863088769367660378429160693011194427881011799024451693952936167750771661440550649483302506158486627825816102827192820226911281582406427500185360363377525358410498228340837537352401660029851509879531902', 20202020);
INSERT INTO `p_random` VALUES (37, 'admin', '200778893120222603333980740998160652400432485039932144994713065417971916314640129248163503439335884410436316948243528943627806427687648761541328082604047466331301412926518391967410323751248269891856404597600367445391452522', 3424);
INSERT INTO `p_random` VALUES (38, 'admin', '054834899381297651328158176068360491778164375027811913670387022543174211300544598181374720016325632212636815501973635804707836728824043027796394587034570281433091413926957524172509115329008451461994232043403244614704269129', 3424);
INSERT INTO `p_random` VALUES (39, 'yg9531', '012706718950017617346168017118540487196354702147546428341829672374', 123555);
INSERT INTO `p_random` VALUES (40, 'yg9531', '806607412772634472891159985553754879049352999565086453761450821437188823559518361752029838106366353162085339947925086992305505944123763940858403229873452576857526871517801371431200531146527013757190352901487898448538717737', 123123);
INSERT INTO `p_random` VALUES (41, 'yg9531', '920321266013744662189653353618979539199635087316945722870140628237270940544288258743364365171383367932946084401808841571735854418317406696564630630558809902333983319723822356604797864555578773490715282980520692275129854966', 56165165);
INSERT INTO `p_random` VALUES (42, 'yg9531', '002556194548962672201093007382237710889686596521475282279016334220', 123555);
INSERT INTO `p_random` VALUES (43, 'yg9531', '792304488043650608482724551163422605545776953071757848703588127587', 123555);
INSERT INTO `p_random` VALUES (44, 'yg9531', '285364649474419199516345235060142068893117956176260161469069950027', 123556);

-- ----------------------------
-- Table structure for p_sm4pub
-- ----------------------------
DROP TABLE IF EXISTS `p_sm4pub`;
CREATE TABLE `p_sm4pub`  (
  `id` int(11) NOT NULL AUTO_INCREMENT,
  `pubkey` varchar(255) CHARACTER SET utf8 COLLATE utf8_general_ci NULL DEFAULT NULL,
  `username` varchar(255) CHARACTER SET utf8 COLLATE utf8_general_ci NULL DEFAULT NULL,
  PRIMARY KEY (`id`) USING BTREE
) ENGINE = InnoDB AUTO_INCREMENT = 2 CHARACTER SET = utf8 COLLATE = utf8_general_ci ROW_FORMAT = Compact;

-- ----------------------------
-- Records of p_sm4pub
-- ----------------------------
INSERT INTO `p_sm4pub` VALUES (1, '039fc72d0d61b1561f0058e224fe07634f7a56c977700697f389c3672338dc5388', 'yg9531');

-- ----------------------------
-- Table structure for p_username
-- ----------------------------
DROP TABLE IF EXISTS `p_username`;
CREATE TABLE `p_username`  (
  `id` int(11) NOT NULL AUTO_INCREMENT,
  `user_name` varchar(255) CHARACTER SET utf8 COLLATE utf8_general_ci NULL DEFAULT NULL,
  `create_date` date NULL DEFAULT NULL,
  `if_close` int(11) NULL DEFAULT NULL,
  `pri_key` varchar(255) CHARACTER SET utf8 COLLATE utf8_general_ci NULL DEFAULT NULL,
  PRIMARY KEY (`id`) USING BTREE
) ENGINE = InnoDB AUTO_INCREMENT = 7 CHARACTER SET = utf8 COLLATE = utf8_general_ci ROW_FORMAT = Compact;

-- ----------------------------
-- Records of p_username
-- ----------------------------
INSERT INTO `p_username` VALUES (1, 'admin', '2020-04-19', 1, NULL);
INSERT INTO `p_username` VALUES (2, 'student7', '2020-04-27', 0, NULL);
INSERT INTO `p_username` VALUES (3, 'student8', '2020-04-27', 0, NULL);
INSERT INTO `p_username` VALUES (4, 'student9', '2020-04-27', 0, NULL);
INSERT INTO `p_username` VALUES (5, 'student10', '2020-04-27', 0, NULL);
INSERT INTO `p_username` VALUES (6, 'yg9531', '2020-05-17', 0, '4cfbc45658b39156f0c12a2ab0a18996953fd28a93e393628680d3c211c9cf58');

-- ----------------------------
-- Table structure for sys_admin_user
-- ----------------------------
DROP TABLE IF EXISTS `sys_admin_user`;
CREATE TABLE `sys_admin_user`  (
  `id` bigint(20) NOT NULL AUTO_INCREMENT COMMENT 'ä¸»é”®',
  `username` varchar(20) CHARACTER SET utf8 COLLATE utf8_general_ci NULL DEFAULT '' COMMENT 'ç”¨æˆ·å',
  `password` varchar(50) CHARACTER SET utf8 COLLATE utf8_general_ci NULL DEFAULT '' COMMENT 'å¯†ç ',
  `real_name` varchar(25) CHARACTER SET utf8 COLLATE utf8_general_ci NULL DEFAULT '' COMMENT 'çœŸå',
  `email` varchar(30) CHARACTER SET utf8 COLLATE utf8_general_ci NULL DEFAULT '' COMMENT 'é‚®ç®±',
  `telephone` varchar(20) CHARACTER SET utf8 COLLATE utf8_general_ci NULL DEFAULT '' COMMENT 'åº§æœºå·',
  `mobile_phone` varchar(20) CHARACTER SET utf8 COLLATE utf8_general_ci NULL DEFAULT '' COMMENT 'æ‰‹æœºå·',
  `address` varchar(100) CHARACTER SET utf8 COLLATE utf8_general_ci NULL DEFAULT '' COMMENT 'åœ°å€',
  `create_time` datetime(0) NULL DEFAULT NULL COMMENT 'åˆ›å»ºæ—¶é—´',
  `update_time` datetime(0) NULL DEFAULT NULL COMMENT 'æ›´æ–°æ—¶é—´',
  `role_id` bigint(20) NULL DEFAULT 0 COMMENT 'è§’è‰²',
  `account_non_expired` tinyint(1) NULL DEFAULT 0 COMMENT 'æ˜¯å¦æœªå¤±æ•ˆ',
  `account_non_locked` tinyint(1) NULL DEFAULT 0 COMMENT 'æ˜¯å¦æœªé”å®š',
  `credentials_non_expired` tinyint(1) NULL DEFAULT NULL COMMENT 'æ˜¯å¦æœªå¤±æ•ˆ',
  `enabled` tinyint(1) NULL DEFAULT NULL COMMENT 'æ˜¯å¦å¯ç”¨',
  PRIMARY KEY (`id`) USING BTREE,
  UNIQUE INDEX `uk_user_name`(`username`) USING BTREE,
  INDEX `s_a_r_id`(`role_id`) USING BTREE
) ENGINE = InnoDB AUTO_INCREMENT = 19 CHARACTER SET = utf8 COLLATE = utf8_general_ci ROW_FORMAT = Compact;

-- ----------------------------
-- Records of sys_admin_user
-- ----------------------------
INSERT INTO `sys_admin_user` VALUES (3, 'admin', '21232f297a57a5a743894a0e4a801fc3', 'ç®¡ç†å‘˜', '', '', '', '', '2018-07-30 00:00:00', '2018-07-30 00:00:00', 1, 0, 0, 0, 1);
INSERT INTO `sys_admin_user` VALUES (4, 'test', '098f6bcd4621d373cade4e832627b4f6', 'æµ‹è¯•äººå‘˜', '', '', '', '', '2018-09-03 00:00:00', '2018-09-03 00:00:00', 2, 0, 0, 0, 1);
INSERT INTO `sys_admin_user` VALUES (7, 'magicalcoder', '6860c37b00ed4e444a7d2c6e8fb66886', 'ç³»ç»Ÿé»˜è®¤è¶…çº§ç®¡ç†å‘˜è´¦å·', '', '', '', '', '2018-09-06 00:00:00', '2018-09-06 00:00:00', 1, 0, 0, 0, 1);
INSERT INTO `sys_admin_user` VALUES (8, 'student', '4995ec381d6071f48a60170c42ebab72', NULL, NULL, NULL, NULL, NULL, NULL, NULL, 1, 0, 0, 0, 1);
INSERT INTO `sys_admin_user` VALUES (9, 'students', '4995ec381d6071f48a60170c42ebab72', NULL, NULL, NULL, NULL, NULL, NULL, NULL, 1, 0, 0, 0, 1);
INSERT INTO `sys_admin_user` VALUES (10, 'students1', '4995ec381d6071f48a60170c42ebab72', NULL, NULL, NULL, NULL, NULL, NULL, NULL, 1, 0, 0, 0, 1);
INSERT INTO `sys_admin_user` VALUES (11, 'students2', '4995ec381d6071f48a60170c42ebab72', NULL, NULL, NULL, NULL, NULL, NULL, NULL, 1, 0, 0, 0, 1);
INSERT INTO `sys_admin_user` VALUES (12, 'student6', '4995ec381d6071f48a60170c42ebab72', NULL, NULL, NULL, NULL, NULL, NULL, NULL, 1, 0, 0, 0, 1);
INSERT INTO `sys_admin_user` VALUES (13, 'student7', '4995ec381d6071f48a60170c42ebab72', NULL, NULL, NULL, NULL, NULL, NULL, NULL, 1, 0, 0, 0, 1);
INSERT INTO `sys_admin_user` VALUES (14, 'student8', '4995ec381d6071f48a60170c42ebab72', NULL, NULL, NULL, NULL, NULL, NULL, NULL, 1, 0, 0, 0, 1);
INSERT INTO `sys_admin_user` VALUES (15, 'student9', '4995ec381d6071f48a60170c42ebab72', NULL, NULL, NULL, NULL, NULL, NULL, NULL, 1, 0, 0, 0, 1);
INSERT INTO `sys_admin_user` VALUES (16, 'student10', 'e10adc3949ba59abbe56e057f20f883e', NULL, NULL, NULL, NULL, NULL, NULL, NULL, 1, 0, 0, 0, 1);
INSERT INTO `sys_admin_user` VALUES (17, 'yg9530', 'badbdc3d248f1d599b08396e21811290', NULL, NULL, NULL, NULL, NULL, NULL, NULL, 2, 0, 0, 0, 1);
INSERT INTO `sys_admin_user` VALUES (18, 'yg9531', '312ad832b9455b1acab776dc82b33cab', NULL, NULL, NULL, NULL, NULL, NULL, NULL, 2, 0, 0, 0, 1);

-- ----------------------------
-- Table structure for sys_global_permit_url
-- ----------------------------
DROP TABLE IF EXISTS `sys_global_permit_url`;
CREATE TABLE `sys_global_permit_url`  (
  `id` bigint(20) NOT NULL AUTO_INCREMENT COMMENT 'ä¸»é”®',
  `permit_name` varchar(200) CHARACTER SET utf8 COLLATE utf8_general_ci NULL DEFAULT '' COMMENT 'é€šè¿‡åç§°',
  `backend_url_reg` varchar(500) CHARACTER SET utf8 COLLATE utf8_general_ci NULL DEFAULT '' COMMENT 'åç«¯çš„åœ°å€æ­£åˆ™,æ ¡éªŒå½“å‰è¯·æ±‚urlæ˜¯å¦æœ‰æƒé™,get|postç»Ÿä¸€ä¼šæŒ‰ç…§å‚æ•°é¦–å­—æ¯æ’åº',
  `module_id` bigint(20) NULL DEFAULT NULL COMMENT 'æ‰€å±æ¨¡å—',
  PRIMARY KEY (`id`) USING BTREE,
  INDEX `sy_m_id`(`module_id`) USING BTREE
) ENGINE = InnoDB AUTO_INCREMENT = 4 CHARACTER SET = utf8 COLLATE = utf8_general_ci COMMENT = 'åç«¯è¯·æ±‚åœ°å€å…¨å±€å…è®¸è¿‡æ»¤å™¨,åœ¨æ­¤è¡¨çš„ç»Ÿä¸€ä¸ç”¨å†å»æƒé™è¡¨åŒ¹é…äº†' ROW_FORMAT = Compact;

-- ----------------------------
-- Records of sys_global_permit_url
-- ----------------------------
INSERT INTO `sys_global_permit_url` VALUES (2, 'å…è®¸è¿›å…¥åå°,ä½¿ç”¨æœ‰äº›é€šç”¨æ¥å£ï¼ˆè¯·å‹¿åˆ é™¤ï¼‰', '/admin/(rmp|page|page_v2|common_file_rest).*', NULL);
INSERT INTO `sys_global_permit_url` VALUES (3, 'é€šç”¨è·å–æƒé™ç›¸å…³æ¥å£ï¼ˆè¯·å‹¿åˆ é™¤ï¼‰', '/admin/rest_rmp/(get_permission_list|get_module_list|user_info).*', NULL);

-- ----------------------------
-- Table structure for sys_log_admin_operate
-- ----------------------------
DROP TABLE IF EXISTS `sys_log_admin_operate`;
CREATE TABLE `sys_log_admin_operate`  (
  `id` bigint(20) NOT NULL AUTO_INCREMENT COMMENT 'ä¸»é”®',
  `admin_user_id` bigint(20) NULL DEFAULT 0 COMMENT 'ç®¡ç†å‘˜',
  `user_name` varchar(200) CHARACTER SET utf8 COLLATE utf8_general_ci NULL DEFAULT '0' COMMENT 'ç®¡ç†å‘˜åç§°',
  `table_name` varchar(100) CHARACTER SET utf8 COLLATE utf8_general_ci NULL DEFAULT '' COMMENT 'è¡¨å',
  `operate_type` varchar(50) CHARACTER SET utf8 COLLATE utf8_general_ci NULL DEFAULT '' COMMENT 'æ“ä½œç±»å‹',
  `url` varchar(100) CHARACTER SET utf8 COLLATE utf8_general_ci NULL DEFAULT '' COMMENT 'é“¾æ¥',
  `primary_id_value` varchar(100) CHARACTER SET utf8 COLLATE utf8_general_ci NULL DEFAULT '' COMMENT 'ä¸»é”®å€¼',
  `form_body` text CHARACTER SET utf8 COLLATE utf8_general_ci NULL COMMENT 'æäº¤å†…å®¹',
  `create_time` datetime(0) NULL DEFAULT NULL COMMENT 'åˆ›å»ºæ—¶é—´',
  PRIMARY KEY (`id`) USING BTREE
) ENGINE = InnoDB AUTO_INCREMENT = 316 CHARACTER SET = utf8 COLLATE = utf8_general_ci ROW_FORMAT = Compact;

-- ----------------------------
-- Records of sys_log_admin_operate
-- ----------------------------
INSERT INTO `sys_log_admin_operate` VALUES (308, 3, 'ç®¡ç†å‘˜', 'sys_log_admin_operate_rest', 'delete', '/admin/sys_log_admin_operate_rest/delete/307', '', '{}', '2018-09-10 17:00:43');
INSERT INTO `sys_log_admin_operate` VALUES (309, 3, 'ç®¡ç†å‘˜', 'sys_module_category_rest', 'update', '/admin/sys_module_category_rest/update/1', NULL, '{\"moduleCategoryName\":[\"å¯†é’¥ç®¡ç†\"]}', '2020-04-11 19:03:40');
INSERT INTO `sys_log_admin_operate` VALUES (310, 3, 'ç®¡ç†å‘˜', 'sys_module_rest', 'update', '/admin/sys_module_rest/update/34', NULL, '{\"moduleTitle\":[\"ç°ç”¨å¯†é’¥\"]}', '2020-04-11 19:04:10');
INSERT INTO `sys_log_admin_operate` VALUES (311, 3, 'ç®¡ç†å‘˜', 'sys_module_rest', 'update', '/admin/sys_module_rest/update/35', NULL, '{\"moduleTitle\":[\"å†å²å¯†é’¥\"]}', '2020-04-11 19:04:15');
INSERT INTO `sys_log_admin_operate` VALUES (312, 3, 'ç®¡ç†å‘˜', 'rest_rmp', 'save_tree_data', '/admin/rest_rmp/save_tree_data/1', NULL, '{\"ids[]\":[\"category_1\",\"module_34\",\"permission_39\",\"module_35\",\"permission_40\",\"category_3\",\"module_17\",\"permission_21\",\"module_5\",\"module_11\",\"module_7\",\"module_8\",\"module_4\",\"module_20\",\"permission_25\"]}', '2020-04-11 19:06:34');
INSERT INTO `sys_log_admin_operate` VALUES (313, 3, 'ç®¡ç†å‘˜', 'sys_role_rest', 'update', '/admin/sys_role_rest/update/2', NULL, '{\"roleName\":[\"ç”¨æˆ¶è´¦å·\"]}', '2020-05-10 08:48:32');
INSERT INTO `sys_log_admin_operate` VALUES (314, 3, 'ç®¡ç†å‘˜', 'rest_rmp', 'save_tree_data', '/admin/rest_rmp/save_tree_data/2', NULL, '{\"ids[]\":[\"category_1\",\"module_34\",\"permission_39\",\"module_35\",\"permission_40\"]}', '2020-05-10 08:48:49');
INSERT INTO `sys_log_admin_operate` VALUES (315, 3, 'ç®¡ç†å‘˜', 'p_pass_instant_rest', 'update', '/admin/p_pass_instant_rest/update/3123123', NULL, '{\"passExpiry\":[\"2020-03-10 00:00:00\"]}', '2020-05-10 10:00:51');

-- ----------------------------
-- Table structure for sys_module
-- ----------------------------
DROP TABLE IF EXISTS `sys_module`;
CREATE TABLE `sys_module`  (
  `id` bigint(20) NOT NULL AUTO_INCREMENT COMMENT 'ä¸»é”®',
  `module_name` varchar(200) CHARACTER SET utf8 COLLATE utf8_general_ci NULL DEFAULT '' COMMENT 'æ¨¡å—å”¯ä¸€é”®',
  `module_url` varchar(200) CHARACTER SET utf8 COLLATE utf8_general_ci NULL DEFAULT '' COMMENT 'æ¨¡å—URL',
  `module_category_id` bigint(20) NULL DEFAULT 0 COMMENT 'æ¨¡å—åˆ†ç±»',
  `sort_num` int(2) NULL DEFAULT 0 COMMENT 'æ’åº',
  `module_title` varchar(50) CHARACTER SET utf8 COLLATE utf8_general_ci NULL DEFAULT '' COMMENT 'æ¨¡å—æ ‡é¢˜',
  `if_show` tinyint(1) NULL DEFAULT 1 COMMENT 'æ˜¯å¦æ˜¾ç¤º',
  PRIMARY KEY (`id`) USING BTREE,
  INDEX `FK_module`(`module_category_id`) USING BTREE
) ENGINE = InnoDB AUTO_INCREMENT = 36 CHARACTER SET = utf8 COLLATE = utf8_general_ci COMMENT = 'æ¨¡å—' ROW_FORMAT = Compact;

-- ----------------------------
-- Records of sys_module
-- ----------------------------
INSERT INTO `sys_module` VALUES (4, 'sys_log_admin_operate', 'admin/page_v2/sys_log_admin_operate/list', 3, 7, 'ç³»ç»Ÿæ—¥å¿—', 1);
INSERT INTO `sys_module` VALUES (5, 'sys_module_category', 'admin/page_v2/sys_module_category/list', 3, 1, 'èœå•ç®¡ç†', 1);
INSERT INTO `sys_module` VALUES (7, 'sys_admin_user', 'admin/page_v2/sys_admin_user/list', 3, 3, 'ç®¡ç†å‘˜', 1);
INSERT INTO `sys_module` VALUES (8, 'sys_global_permit_url', 'admin/page_v2/sys_global_permit_url/list', 3, 6, 'å…¨å±€åœ°å€è¿‡æ»¤', 1);
INSERT INTO `sys_module` VALUES (11, 'sys_role', 'admin/page_v2/sys_role/list', 3, 2, 'è§’è‰²ç®¡ç†', 1);
INSERT INTO `sys_module` VALUES (17, 'sys', '', 3, -1, 'ç³»ç»Ÿè¡¨æƒé™è½½ä½“ï¼ˆè¯·å‹¿åˆ é™¤ï¼‰', 0);
INSERT INTO `sys_module` VALUES (20, 'dict', 'admin/page_v2/dict/list', 3, 10, 'å­—å…¸é…ç½®', 1);
INSERT INTO `sys_module` VALUES (34, 'p_pass_instant', 'admin/page_v2/p_pass_instant/list', 1, 0, 'ç°ç”¨å¯†é’¥', 1);
INSERT INTO `sys_module` VALUES (35, 'p_pass_old', 'admin/page_v2/p_pass_old/list', 1, 0, 'å†å²å¯†é’¥', 1);

-- ----------------------------
-- Table structure for sys_module_category
-- ----------------------------
DROP TABLE IF EXISTS `sys_module_category`;
CREATE TABLE `sys_module_category`  (
  `id` bigint(20) NOT NULL AUTO_INCREMENT COMMENT 'ä¸»é”®',
  `module_category_name` varchar(20) CHARACTER SET utf8 COLLATE utf8_general_ci NULL DEFAULT '' COMMENT 'æ¨¡å—åç§°',
  `sort_num` int(2) NULL DEFAULT 0 COMMENT 'æ’åº',
  PRIMARY KEY (`id`) USING BTREE
) ENGINE = InnoDB AUTO_INCREMENT = 4 CHARACTER SET = utf8 COLLATE = utf8_general_ci COMMENT = 'æ¨¡å—åˆ†ç±»' ROW_FORMAT = Compact;

-- ----------------------------
-- Records of sys_module_category
-- ----------------------------
INSERT INTO `sys_module_category` VALUES (1, 'å¯†é’¥ç®¡ç†', 1);
INSERT INTO `sys_module_category` VALUES (3, 'ç³»ç»Ÿæ¨¡å—', 2);

-- ----------------------------
-- Table structure for sys_permission
-- ----------------------------
DROP TABLE IF EXISTS `sys_permission`;
CREATE TABLE `sys_permission`  (
  `id` bigint(20) NOT NULL AUTO_INCREMENT COMMENT 'ä¸»é”®',
  `permission_name` varchar(50) CHARACTER SET utf8 COLLATE utf8_general_ci NULL DEFAULT '' COMMENT 'è¿‡æ»¤å™¨åç§°:å®¡æ ¸é€šè¿‡',
  `filter_platform` varchar(50) CHARACTER SET utf8 COLLATE utf8_general_ci NULL DEFAULT '' COMMENT 'è¿‡æ»¤ç«¯:front|backend|front_backend',
  `backend_url_reg` varchar(200) CHARACTER SET utf8 COLLATE utf8_general_ci NULL DEFAULT '' COMMENT 'åç«¯çš„åœ°å€æ­£åˆ™,æ ¡éªŒå½“å‰è¯·æ±‚urlæ˜¯å¦æœ‰æƒé™,get|postç»Ÿä¸€ä¼šæŒ‰ç…§å‚æ•°é¦–å­—æ¯æ’åº',
  `front_dom` varchar(1024) CHARACTER SET utf8 COLLATE utf8_general_ci NULL DEFAULT '' COMMENT 'å‰ç«¯Key,å¤šä¸ªé€—å·åˆ†å‰²',
  `front_action` varchar(50) CHARACTER SET utf8 COLLATE utf8_general_ci NULL DEFAULT '' COMMENT 'å‰ç«¯å¤„ç†æ–¹å¼show|disabled',
  `module_id` bigint(20) NULL DEFAULT NULL COMMENT 'æ‰€å±æ¨¡å—',
  PRIMARY KEY (`id`) USING BTREE,
  INDEX `sy_m_id`(`module_id`) USING BTREE
) ENGINE = InnoDB AUTO_INCREMENT = 41 CHARACTER SET = utf8 COLLATE = utf8_general_ci COMMENT = 'åç«¯è¯·æ±‚åœ°å€å…è®¸è¿‡æ»¤å™¨,ä¸åœ¨è¿‡æ»¤å™¨çš„ç»Ÿä¸€æ‹’ç»' ROW_FORMAT = Compact;

-- ----------------------------
-- Records of sys_permission
-- ----------------------------
INSERT INTO `sys_permission` VALUES (2, 'æŸ¥è¯¢æƒé™', 'backend', '/admin/goods_category_rest/.*', '', '', 2);
INSERT INTO `sys_permission` VALUES (13, 'å…¨ç±»å‹æµ‹è¯•', 'backend', '/admin/all_type_rest/.*', NULL, '', 14);
INSERT INTO `sys_permission` VALUES (15, 'å•†å“æ¨¡å—ä¿å­˜æƒé™', 'front_backend', '/admin/goods_rest/(update|save).*', '.security_edit_form_operate_save', 'show', 1);
INSERT INTO `sys_permission` VALUES (17, 'å•†å“æ¨¡å—æ·»åŠ æŒ‰é’®', 'front', '', '.security_list_query_operate_add_news', 'show', 1);
INSERT INTO `sys_permission` VALUES (18, 'å•†å“æ¨¡å—(æ‰¹é‡)åˆ é™¤æƒé™', 'front_backend', '/admin/goods_rest/(delete|batch_delete).*', '.security_list_table_operate_del,.security_list_query_operate_del_all', 'show', 1);
INSERT INTO `sys_permission` VALUES (19, 'å•†å“æ¨¡å—æŸ¥è¯¢æƒé™', 'backend', '/admin/goods_rest/(search|page|get).*', '', '', 1);
INSERT INTO `sys_permission` VALUES (21, 'æ‰€æœ‰ç³»ç»Ÿè¡¨çš„æ‰€æœ‰æƒé™(è¯·å‹¿åˆ é™¤)', 'backend', '/admin/(rest_rmp|sys_[a-z_]+_rest)/.*', '', 'show', 17);
INSERT INTO `sys_permission` VALUES (22, 'æµ‹è¯•å•†å“æ¨¡å—disabled', 'front', '', '.security_edit_form_param_goodsName,.security_edit_form_param_imgSrc,.security_edit_form_param_publishStatus,.security_edit_form_param_goodsStatus,.security_edit_form_param_price,.security_edit_form_param_shortBrief,.security_edit_form_param_goodsDescription,.security_edit_form_param_createTime,.security_edit_form_param_goodsCategoryId', 'show', 1);
INSERT INTO `sys_permission` VALUES (23, 'å•†å“å›¾é›†å…¨éƒ¨æƒé™', 'front_backend', '/admin/goods_img_rest/.*', '', 'show', 18);
INSERT INTO `sys_permission` VALUES (24, 'å•†å“é™„ä»¶å…¨éƒ¨æƒé™', 'front_backend', '/admin/goods_file_rest/.*', '', 'show', 19);
INSERT INTO `sys_permission` VALUES (25, 'å­—å…¸å…¨éƒ¨æƒé™', 'front_backend', '/admin/dict_rest/.*', '', 'show', 20);
INSERT INTO `sys_permission` VALUES (39, 'å…¨éƒ¨æƒé™', 'backend', '/admin/p_pass_instant_rest/[\\s\\S]*', '', '', 34);
INSERT INTO `sys_permission` VALUES (40, 'å…¨éƒ¨æƒé™', 'backend', '/admin/p_pass_old_rest/[\\s\\S]*', '', '', 35);

-- ----------------------------
-- Table structure for sys_role
-- ----------------------------
DROP TABLE IF EXISTS `sys_role`;
CREATE TABLE `sys_role`  (
  `id` bigint(20) NOT NULL AUTO_INCREMENT COMMENT 'ä¸»é”®',
  `role_name` varchar(20) CHARACTER SET utf8 COLLATE utf8_general_ci NULL DEFAULT '' COMMENT 'è§’è‰²å',
  PRIMARY KEY (`id`) USING BTREE
) ENGINE = InnoDB AUTO_INCREMENT = 3 CHARACTER SET = utf8 COLLATE = utf8_general_ci COMMENT = 'è§’è‰²' ROW_FORMAT = Compact;

-- ----------------------------
-- Records of sys_role
-- ----------------------------
INSERT INTO `sys_role` VALUES (1, 'è¶…çº§ç®¡ç†å‘˜');
INSERT INTO `sys_role` VALUES (2, 'ç”¨æˆ¶è´¦å·');

-- ----------------------------
-- Table structure for sys_role_module_permission
-- ----------------------------
DROP TABLE IF EXISTS `sys_role_module_permission`;
CREATE TABLE `sys_role_module_permission`  (
  `id` bigint(20) NOT NULL AUTO_INCREMENT COMMENT 'ä¸»é”®',
  `role_id` bigint(20) NULL DEFAULT NULL COMMENT 'è§’è‰²',
  `module_id` bigint(20) NULL DEFAULT NULL COMMENT 'æ¨¡å—',
  `permission_id` bigint(20) NULL DEFAULT NULL COMMENT 'æƒé™',
  PRIMARY KEY (`id`) USING BTREE,
  INDEX `s_r_id`(`role_id`) USING BTREE,
  INDEX `s_m_id`(`module_id`) USING BTREE,
  INDEX `s_pid`(`permission_id`) USING BTREE
) ENGINE = InnoDB AUTO_INCREMENT = 444 CHARACTER SET = utf8 COLLATE = utf8_general_ci COMMENT = 'è§’è‰²æ¨¡å—æƒé™' ROW_FORMAT = Compact;

-- ----------------------------
-- Records of sys_role_module_permission
-- ----------------------------
INSERT INTO `sys_role_module_permission` VALUES (433, 1, 34, 39);
INSERT INTO `sys_role_module_permission` VALUES (434, 1, 35, 40);
INSERT INTO `sys_role_module_permission` VALUES (435, 1, 4, NULL);
INSERT INTO `sys_role_module_permission` VALUES (436, 1, 5, NULL);
INSERT INTO `sys_role_module_permission` VALUES (437, 1, 7, NULL);
INSERT INTO `sys_role_module_permission` VALUES (438, 1, 8, NULL);
INSERT INTO `sys_role_module_permission` VALUES (439, 1, 11, NULL);
INSERT INTO `sys_role_module_permission` VALUES (440, 1, 17, 21);
INSERT INTO `sys_role_module_permission` VALUES (441, 1, 20, 25);
INSERT INTO `sys_role_module_permission` VALUES (442, 2, 34, 39);
INSERT INTO `sys_role_module_permission` VALUES (443, 2, 35, 40);

SET FOREIGN_KEY_CHECKS = 1;
